index,name,importance
14,rs1110052,0.201956503880135
6,rs4040617,0.1786325484429146
8,rs4970383,0.20092133192079353
19,rs3748595,0.29580256758789436
9,rs4475691,0.3232385628536163
3,rs1048488,0.28334795139878954
4,rs12562034,0.20053907959854972
2,rs3131969,0.14569337715808048
18,rs4246503,0.1425089107521363
7,rs2980300,0.23776173908765452
12,rs2340587,0.25483770138541
10,rs1806509,0.15981567527054263
13,rs28576697,0.23805157368590654
11,rs7537756,0.16358403860446769
5,rs12124819,0.34405614056117373
15,rs3748592,0.18286889560811131
0,rs3094315,0.2627195655289614
16,rs2272756,0.2212256831493913
17,rs2340582,0.21877677863104844
1,rs3131972,0.27312618763357444
